{
    "seed": 643,
    "player": {
        "x": -286,
        "y": -638,
        "hp": 92.10000000000107,
        "mana": 58.95999999999789,
        "stam": 41.95000000000112
    },
    "walls": [
        [
            -6,
            -8
        ],
        [
            -5,
            -9
        ],
        [
            -5,
            -6
        ],
        [
            0,
            -10
        ],
        [
            -3,
            -6
        ],
        [
            0,
            -7
        ],
        [
            -7,
            -10
        ],
        [
            -8,
            -8
        ],
        [
            -7,
            -7
        ],
        [
            -1,
            -8
        ],
        [
            -5,
            -10
        ],
        [
            -5,
            -7
        ],
        [
            -3,
            -10
        ],
        [
            -6,
            -9
        ],
        [
            -6,
            -6
        ],
        [
            -3,
            -7
        ],
        [
            0,
            -8
        ],
        [
            -8,
            -9
        ],
        [
            -7,
            -8
        ],
        [
            -4,
            -6
        ],
        [
            -1,
            -9
        ],
        [
            -1,
            -6
        ],
        [
            -2,
            -6
        ],
        [
            -6,
            -10
        ],
        [
            -6,
            -7
        ],
        [
            -5,
            -8
        ],
        [
            0,
            -9
        ],
        [
            -8,
            -7
        ],
        [
            -8,
            -10
        ],
        [
            -7,
            -9
        ],
        [
            -4,
            -10
        ],
        [
            -7,
            -6
        ],
        [
            -4,
            -7
        ],
        [
            -2,
            -10
        ],
        [
            -1,
            -10
        ],
        [
            -1,
            -7
        ],
        [
            -2,
            -7
        ]
    ],
    "doors": [],
    "enemies": [
        {
            "x": 400,
            "y": 400,
            "hp": 100
        }
    ]
}
